CA Dept of State Hospitals (DSH-San Diego),8566582,13481833,APM00073500860,APM00073500860,11/19/07 0:00,NA,"ASSY, CX3-20C ISCSI/COMBO HA CHASSIS DEL",100-561-429,CLARiiON CX3-20,HARDWARE-PART,CLARIION-CX3,CLARiiON,Install,,03.26.020.5.011,ASP,WEBEX,EMAIL HOME,,,62303779,SA-SALE-US,NA,NA,NA,1752-12-31 00:00:00,1752-12-31 00:00:00,N,Unisys ASP Optional,NA,,,,,3420 CAMINO DEL RIO N,STE 215,SAN DIEGO,CA,,92108,America/Los_Angeles,Daniel.Rolls@emc.com,52513 AM CS District,sam.newman@emc.com,west.am@emc.com,,ross.starkweather@emc.com,58000 CS Region,West CS Division,Americas CS Theater
CA Dept of State Hospitals (DSH-Sacramento),4924072,71549000,FNM00090100027,FNM00090100027,1/28/09 0:00,CX4-120C,CX4-120 PSNT,900-566-004,CLARiiON CX4-120,HARDWARE-PART,CLARIION-CX4,CLARiiON,Install - T&M,,04.30.000.5.523,EMC,,,,10/8/13 19:37,63042899,SA-SALE-US,63042899H,PREMIUM,CANCELLED,1/28/14 0:00,6/30/14 0:00,N,NA,NA,,,,,1600 9TH ST,RM 151,SACRAMENTO,CA,,95814,America/Los_Angeles,concepcion.salcido@emc.com,52519 AM CS District,richard.teran@emc.com,richard.teran@emc.com,,ross.starkweather@emc.com,57000 CS Region,West CS Division,Americas CS Theater
CA Dept of State Hospitals (DSH-Sacramento),4924072,71549000,APM00090600515,APM00090600515,4/3/09 0:00,CX4-120C,CX4-120 PSNT,900-566-004,CLARiiON CX4-120,HARDWARE-PART,CLARIION-CX4,CLARiiON,Install - T&M,,04.28.000.5.504,EMC,,,,2/18/16 7:22,63119535,SA-SALE-US,63119535H,PREMIUM,CANCELLED,4/3/14 0:00,6/30/14 0:00,N,NA,NA,,,,,1600 9TH ST,RM 151,SACRAMENTO,CA,,95814,America/Los_Angeles,concepcion.salcido@emc.com,52519 AM CS District,richard.teran@emc.com,richard.teran@emc.com,,ross.starkweather@emc.com,57000 CS Region,West CS Division,Americas CS Theater
CA Dept of State Hospitals (DSH-Sacramento),4924072,71549000,WCARP095306785,WCARP095306785,4/6/10 12:00,RP-HW-1U-GEN4,1U RECOVERPOINT DELL R610 SRVR 8GB FC,100-562-779,RecoverPoint HW,HARDWARE-PART,RECOVERPOINT-GEN4,RecoverPoint,Install - T&M,,3.4.3.0,EMC,,,05PSPA010000059,,63498013,SA-SALE-US,63498013H,PREMIUM,CANCELLED,4/6/14 0:00,3/15/20 0:00,N,NA,NA,,,,,1600 9TH ST,RM 151,SACRAMENTO,CA,,95814,America/Los_Angeles,concepcion.salcido@emc.com,52519 AM CS District,richard.teran@emc.com,richard.teran@emc.com,,ross.starkweather@emc.com,57000 CS Region,West CS Division,Americas CS Theater
CA Dept of State Hospitals (DSH-Sacramento),4924072,71549000,WCARP095306786,WCARP095306786,4/6/10 12:00,RP-HW-1U-GEN4,1U RECOVERPOINT DELL R610 SRVR 8GB FC,100-562-779,RecoverPoint HW,HARDWARE-PART,RECOVERPOINT-GEN4,RecoverPoint,Install - T&M,,3.4.3.0,EMC,,,05PSPA010000059,,63498013,SA-SALE-US,63498013H,PREMIUM,CANCELLED,4/6/14 0:00,3/15/20 0:00,N,NA,NA,,,,,1600 9TH ST,RM 151,SACRAMENTO,CA,,95814,America/Los_Angeles,concepcion.salcido@emc.com,52519 AM CS District,richard.teran@emc.com,richard.teran@emc.com,,ross.starkweather@emc.com,57000 CS Region,West CS Division,Americas CS Theater
CA Dept of State Hospitals (DSH-Sacramento),4924072,71549000,WCARP095306792,WCARP095306792,4/6/10 12:00,RP-HW-1U-GEN4,1U RECOVERPOINT DELL R610 SRVR 8GB FC,100-562-779,RecoverPoint HW,HARDWARE-PART,RECOVERPOINT-GEN4,RecoverPoint,Install - T&M,,3.4.3.0,EMC,,,05PSKA010000169,,63498013,SA-SALE-US,63498013H,PREMIUM,CANCELLED,4/6/14 0:00,3/15/20 0:00,N,NA,NA,,,,,1600 9TH ST,RM 151,SACRAMENTO,CA,,95814,America/Los_Angeles,concepcion.salcido@emc.com,52519 AM CS District,richard.teran@emc.com,richard.teran@emc.com,,ross.starkweather@emc.com,57000 CS Region,West CS Division,Americas CS Theater
CA Dept of State Hospitals (DSH-Sacramento),4924072,71549000,WCARP095306791,WCARP095306791,4/6/10 12:00,RP-HW-1U-GEN4,1U RECOVERPOINT DELL R610 SRVR 8GB FC,100-562-779,RecoverPoint HW,HARDWARE-PART,RECOVERPOINT-GEN4,RecoverPoint,Install - T&M,,3.4.3.0,EMC,,,05PSKA010000169,,63498013,SA-SALE-US,63498013H,PREMIUM,CANCELLED,4/6/14 0:00,3/15/20 0:00,N,NA,NA,,,,,1600 9TH ST,RM 151,SACRAMENTO,CA,,95814,America/Los_Angeles,concepcion.salcido@emc.com,52519 AM CS District,richard.teran@emc.com,richard.teran@emc.com,,ross.starkweather@emc.com,57000 CS Region,West CS Division,Americas CS Theater
CA Dept of State Hospitals (DSH-Sacramento),4924072,71549000,APM00095202858,APM00095202858,4/10/10 11:49,CX4-120C,CX4-120 PSNT,900-566-004,CLARiiON CX4-120,HARDWARE-PART,CLARIION-CX4,CLARiiON,Install - T&M,,CUSTOMER INSTALLABLE,EMC,,,,,63498013,SA-SALE-US,63498013H,PREMIUM,CANCELLED,1/10/15 0:00,3/15/20 0:00,N,NA,NA,,,,,1600 9TH ST,RM 151,SACRAMENTO,CA,,95814,America/Los_Angeles,concepcion.salcido@emc.com,52519 AM CS District,richard.teran@emc.com,richard.teran@emc.com,,ross.starkweather@emc.com,57000 CS Region,West CS Division,Americas CS Theater
CA Dept of State Hospitals (DSH-Sacramento),4924072,71549000,APM00102701840,APM00102701840,8/8/10 0:00,AVMRACKG3,INA REPLACED BY 100-580-610-01,100-580-610,Avamar,HARDWARE-PART,AVAMAR-NA,Avamar,Install - T&M,,5.0.4-30,EMC,NOT APPLICABLE,EMAIL HOME,1284670116A4BADB3344EC,,63819039,EV-EVAL-US,63848447H,PREMIUM,CANCELLED,9/23/12 0:00,9/22/16 0:00,N,NA,NA,,,,,1600 9TH ST,RM 151,SACRAMENTO,CA,,95814,America/Los_Angeles,concepcion.salcido@emc.com,52519 AM CS District,richard.teran@emc.com,richard.teran@emc.com,,ross.starkweather@emc.com,57000 CS Region,West CS Division,Americas CS Theater
CA Dept of State Hospitals (DSH-Sacramento),4924072,71549000,ALT17115000018,ALT17115000018,5/16/12 0:00,AVMSWITCHG4,LAYER3 10/100/1000 BASET ETHERNET SWITCH,100-580-700,,HARDWARE-PART,AVAMAR-NA,,Install,,,EMC,,,,,64670222,SW-SWAP-US,64670222HL,PREMIUM,CUSTOMER QUOTED,7/1/15 0:00,6/30/16 0:00,N,NA,NA,,,,,1600 9TH ST,RM 151,SACRAMENTO,CA,,95814,America/Los_Angeles,concepcion.salcido@emc.com,52519 AM CS District,richard.teran@emc.com,richard.teran@emc.com,,ross.starkweather@emc.com,57000 CS Region,West CS Division,Americas CS Theater
CA Dept of State Hospitals (DSH-Sacramento),4924072,71549000,ALT17115000001,ALT17115000001,5/16/12 0:00,AVMSWITCHG4,LAYER3 10/100/1000 BASET ETHERNET SWITCH,100-580-700,,HARDWARE-PART,AVAMAR-NA,,Install,,,EMC,,,,,64670222,SW-SWAP-US,64670222HL,PREMIUM,CUSTOMER QUOTED,7/1/15 0:00,6/30/16 0:00,N,NA,NA,,,,,1600 9TH ST,RM 151,SACRAMENTO,CA,,95814,America/Los_Angeles,concepcion.salcido@emc.com,52519 AM CS District,richard.teran@emc.com,richard.teran@emc.com,,ross.starkweather@emc.com,57000 CS Region,West CS Division,Americas CS Theater
CA Dept of State Hospitals (DSH-Sacramento),4924072,71549000,ARWAV121403352,ARWAV121403352,7/25/12 12:00,AVM1NSTG7FG4,ADS Gen4 7.8TB Storage Node,100-580-617,Avamar,HARDWARE-PART,AVAMAR-NA,Avamar,Install,,6.0.1.66,EMC,WEBEX,EMAIL HOME,1339626334D4AE52644605,,64670222,SW-SWAP-US,64670222HL,PREMIUM,CUSTOMER QUOTED,7/1/15 0:00,6/30/16 0:00,N,NA,NA,,,,,1600 9TH ST,RM 151,SACRAMENTO,CA,,95814,America/Los_Angeles,concepcion.salcido@emc.com,52519 AM CS District,richard.teran@emc.com,richard.teran@emc.com,,ross.starkweather@emc.com,57000 CS Region,West CS Division,Americas CS Theater
CA Dept of State Hospitals (DSH-Sacramento),4924072,71549000,ARWAV121403353,ARWAV121403353,7/25/12 12:00,AVM1NSTG7FG4,ADS Gen4 7.8TB Storage Node,100-580-617,Avamar,HARDWARE-PART,AVAMAR-NA,Avamar,Install,,6.0.1.66,EMC,WEBEX,EMAIL HOME,1339626334D4AE52644605,,64670222,SW-SWAP-US,64670222HL,PREMIUM,CUSTOMER QUOTED,7/1/15 0:00,6/30/16 0:00,N,NA,NA,,,,,1600 9TH ST,RM 151,SACRAMENTO,CA,,95814,America/Los_Angeles,concepcion.salcido@emc.com,52519 AM CS District,richard.teran@emc.com,richard.teran@emc.com,,ross.starkweather@emc.com,57000 CS Region,West CS Division,Americas CS Theater
CA Dept of State Hospitals (DSH-Sacramento),4924072,71549000,ARWAV121403354,ARWAV121403354,7/25/12 12:00,AVM1NSTG7FG4,ADS Gen4 7.8TB Storage Node,100-580-617,Avamar,HARDWARE-PART,AVAMAR-NA,Avamar,Install,,6.0.1.66,EMC,WEBEX,EMAIL HOME,1339626334D4AE52644605,,64670222,SW-SWAP-US,64670222HL,PREMIUM,CUSTOMER QUOTED,7/1/15 0:00,6/30/16 0:00,N,NA,NA,,,,,1600 9TH ST,RM 151,SACRAMENTO,CA,,95814,America/Los_Angeles,concepcion.salcido@emc.com,52519 AM CS District,richard.teran@emc.com,richard.teran@emc.com,,ross.starkweather@emc.com,57000 CS Region,West CS Division,Americas CS Theater
CA Dept of State Hospitals (DSH-Sacramento),4924072,71549000,ARWAV121503458,ARWAV121503458,7/25/12 0:00,AVM1NSTG7FG4,ADS Gen4 7.8TB Storage Node,100-580-617,Avamar,HARDWARE-PART,AVAMAR-NA,Avamar,Install,,6.0.1.66,EMC,WEBEX,EMAIL HOME,1339541996782BCB77CE3A,,64672012,SW-SWAP-US,,,,,,N,NA,NA,,,,,1600 9TH ST,RM 151,SACRAMENTO,CA,,95814,America/Los_Angeles,concepcion.salcido@emc.com,52519 AM CS District,richard.teran@emc.com,richard.teran@emc.com,,ross.starkweather@emc.com,57000 CS Region,West CS Division,Americas CS Theater
CA Dept of State Hospitals (DSH-Sacramento),4924072,71549000,ARWAV121503460,ARWAV121503460,7/25/12 0:00,AVM1NSTG7FG4,ADS Gen4 7.8TB Storage Node,100-580-617,Avamar,HARDWARE-PART,AVAMAR-NA,Avamar,Install,,6.0.1.66,EMC,WEBEX,EMAIL HOME,1339541996782BCB77CE3A,,64672012,SW-SWAP-US,,,,,,N,NA,NA,,,,,1600 9TH ST,RM 151,SACRAMENTO,CA,,95814,America/Los_Angeles,concepcion.salcido@emc.com,52519 AM CS District,richard.teran@emc.com,richard.teran@emc.com,,ross.starkweather@emc.com,57000 CS Region,West CS Division,Americas CS Theater
CA Dept of State Hospitals (DSH-Sacramento),4924072,71549000,ARWAV121503464,ARWAV121503464,7/25/12 0:00,AVM1NSTG7FG4,ADS Gen4 7.8TB Storage Node,100-580-617,Avamar,HARDWARE-PART,AVAMAR-NA,Avamar,Install,,6.0.1.66,EMC,WEBEX,EMAIL HOME,1339541996782BCB77CE3A,,64672012,SW-SWAP-US,,,,,,N,NA,NA,,,,,1600 9TH ST,RM 151,SACRAMENTO,CA,,95814,America/Los_Angeles,concepcion.salcido@emc.com,52519 AM CS District,richard.teran@emc.com,richard.teran@emc.com,,ross.starkweather@emc.com,57000 CS Region,West CS Division,Americas CS Theater
CA Dept of State Hospitals (DSH-Sacramento),4924072,71549000,ARWAV121503459,ARWAV121503459,7/25/12 0:00,AVM1NSTG7FG4,ADS Gen4 7.8TB Storage Node,100-580-617,Avamar,HARDWARE-PART,AVAMAR-NA,Avamar,Install,,6.0.1.66,EMC,WEBEX,EMAIL HOME,1339541996782BCB77CE3A,,64672012,SW-SWAP-US,,,,,,N,NA,NA,,,,,1600 9TH ST,RM 151,SACRAMENTO,CA,,95814,America/Los_Angeles,concepcion.salcido@emc.com,52519 AM CS District,richard.teran@emc.com,richard.teran@emc.com,,ross.starkweather@emc.com,57000 CS Region,West CS Division,Americas CS Theater
CA Dept of State Hospitals (DSH-Sacramento),4924072,71549000,ARWAV120300782,ARWAV120300782,7/17/12 0:00,AVM1NUTILFG4,ADS GEN4 UTILITY NODE,100-580-616,Avamar,HARDWARE-PART,AVAMAR-NA,Avamar,Install,,6.1.0-402 SLES,EMC,WEBEX,EMAIL HOME,,,64672012,SW-SWAP-US,64672012H,PREMIUM,CUSTOMER QUOTED,7/1/15 0:00,6/30/16 0:00,N,NA,NA,,,,,1600 9TH ST,RM 151,SACRAMENTO,CA,,95814,America/Los_Angeles,concepcion.salcido@emc.com,52519 AM CS District,richard.teran@emc.com,richard.teran@emc.com,,ross.starkweather@emc.com,57000 CS Region,West CS Division,Americas CS Theater
CA Dept of State Hospitals (DSH-Sacramento),4924072,71549000,ALT17114700146,ALT17114700146,5/19/12 0:00,AVMSWITCHG4,LAYER3 10/100/1000 BASET ETHERNET SWITCH,100-580-700,,HARDWARE-PART,AVAMAR-NA,,Install,,,EMC,,,,,64672012,SW-SWAP-US,64672012H,PREMIUM,CUSTOMER QUOTED,7/1/15 0:00,6/30/16 0:00,N,NA,NA,,,,,1600 9TH ST,RM 151,SACRAMENTO,CA,,95814,America/Los_Angeles,concepcion.salcido@emc.com,52519 AM CS District,richard.teran@emc.com,richard.teran@emc.com,,ross.starkweather@emc.com,57000 CS Region,West CS Division,Americas CS Theater
CA Dept of State Hospitals (DSH-Sacramento),4924072,71549000,ALT17114700145,ALT17114700145,5/19/12 0:00,AVMSWITCHG4,LAYER3 10/100/1000 BASET ETHERNET SWITCH,100-580-700,,HARDWARE-PART,AVAMAR-NA,,Install,,,EMC,,,,,64672012,SW-SWAP-US,64672012H,PREMIUM,CUSTOMER QUOTED,7/1/15 0:00,6/30/16 0:00,N,NA,NA,,,,,1600 9TH ST,RM 151,SACRAMENTO,CA,,95814,America/Los_Angeles,concepcion.salcido@emc.com,52519 AM CS District,richard.teran@emc.com,richard.teran@emc.com,,ross.starkweather@emc.com,57000 CS Region,West CS Division,Americas CS Theater
CA Dept of State Hospitals (DSH-Sacramento),4924072,71549000,ARWAV124110012,ARWAV124110012,1/10/13 5:00,AVM1NSTG7FG4,ADS Gen4 7.8TB Storage Node,100-580-617,Avamar,HARDWARE-PART,AVAMAR-NA,Avamar,Install,,6.1.1-87 SLES,EMC,NOT APPLICABLE,NOT APPLICABLE,1339626334D4AE52644605,,30112009,SA-SALE,30112009H,PREMIUM,CUSTOMER QUOTED,7/1/15 0:00,6/30/16 0:00,N,NA,NA,,,,,1600 9TH ST,RM 151,SACRAMENTO,CA,,95814,America/Los_Angeles,concepcion.salcido@emc.com,52519 AM CS District,richard.teran@emc.com,richard.teran@emc.com,,ross.starkweather@emc.com,57000 CS Region,West CS Division,Americas CS Theater
CA Dept of State Hospitals (DSH-Sacramento),4924072,71549000,ARWAV124110013,ARWAV124110013,2/4/13 5:00,AVM1NSTG7FG4,ADS Gen4 7.8TB Storage Node,100-580-617,Avamar,HARDWARE-PART,AVAMAR-NA,Avamar,Install,,6.1.0-402 SLES,EMC,WEBEX,EMAIL HOME,1339541996782BCB77CE3A,,30112009,SA-SALE,30112009H,PREMIUM,CUSTOMER QUOTED,7/1/15 0:00,6/30/16 0:00,N,NA,NA,,,,,1600 9TH ST,RM 151,SACRAMENTO,CA,,95814,America/Los_Angeles,concepcion.salcido@emc.com,52519 AM CS District,richard.teran@emc.com,richard.teran@emc.com,,ross.starkweather@emc.com,57000 CS Region,West CS Division,Americas CS Theater
CA Dept of State Hospitals (DSH-Sacramento),4924072,71549000,ARWAV124210031,ARWAV124210031,2/4/13 5:00,AVM1NSTG7FG4,ADS Gen4 7.8TB Storage Node,100-580-617,Avamar,HARDWARE-PART,AVAMAR-NA,Avamar,Install,,6.1.0-402 SLES,EMC,WEBEX,EMAIL HOME,1339541996782BCB77CE3A,,30112009,SA-SALE,30112009H,PREMIUM,CUSTOMER QUOTED,7/1/15 0:00,6/30/16 0:00,N,NA,NA,,,,,1600 9TH ST,RM 151,SACRAMENTO,CA,,95814,America/Los_Angeles,concepcion.salcido@emc.com,52519 AM CS District,richard.teran@emc.com,richard.teran@emc.com,,ross.starkweather@emc.com,57000 CS Region,West CS Division,Americas CS Theater
CA Dept of State Hospitals (DSH-Sacramento),4924072,71549000,1285028586A4BADB4047FE,1285028586A4BADB4047FE,3/16/11 0:00,456-100-309,AVAMAR SOLUTION IDENTIFIER,900-580-003,Avamar,SOFTWARE-PART,AVAMAR-NA,Avamar,Install,,,EMC,WEBEX,EMAIL HOME,APM00103500950,7/25/12 9:31,,,64234812L,ENSP,TERMINATED,6/24/12 0:00,6/23/14 0:00,N,NA,NA,,,,,1600 9TH ST,RM 151,SACRAMENTO,CA,,95814,America/Los_Angeles,concepcion.salcido@emc.com,52519 AM CS District,richard.teran@emc.com,richard.teran@emc.com,,ross.starkweather@emc.com,57000 CS Region,West CS Division,Americas CS Theater
CA Dept of State Hospitals (DSH-Sacramento),4924072,71549000,1284670116A4BADB3344EC,1284670116A4BADB3344EC,9/7/10 12:25,456-100-309,AVAMAR SOLUTION IDENTIFIER,900-580-003,Avamar,SOFTWARE-PART,AVAMAR-NA,Avamar,Install,,,EMC,WEBEX,EMAIL HOME,APM00102701840,7/26/12 19:25,,,64234812L,ENSP,TERMINATED,6/24/12 0:00,6/23/14 0:00,N,NA,NA,,,,,1600 9TH ST,RM 151,SACRAMENTO,CA,,95814,America/Los_Angeles,concepcion.salcido@emc.com,52519 AM CS District,richard.teran@emc.com,richard.teran@emc.com,,ross.starkweather@emc.com,57000 CS Region,West CS Division,Americas CS Theater
CA Dept of State Hospitals (DSH-Sacramento),4924072,71549000,1339541996782BCB77CE3A,1339541996782BCB77CE3A,7/27/12 17:54,456-100-309,AVAMAR SOLUTION IDENTIFIER,900-580-003,Avamar,SOFTWARE-PART,AVAMAR-NA,Avamar,Install,,6.1.0-402 SLES,EMC,WEBEX,EMAIL HOME,"ARWAV124110013,ARWAV124210031,ARWAV121503460,ARWAV121503457,ARWAV121503459,ARWAV121503458,ARWAV121503464",5/5/16 14:34,64672012,,63848447L,ENSP,TERMINATED,9/23/13 0:00,7/25/14 0:00,N,NA,NA,,,,,1600 9TH ST,RM 151,SACRAMENTO,CA,,95814,America/Los_Angeles,concepcion.salcido@emc.com,52519 AM CS District,richard.teran@emc.com,richard.teran@emc.com,,ross.starkweather@emc.com,57000 CS Region,West CS Division,Americas CS Theater
CA Dept of State Hospitals (DSH-Rancho Cordova),10856097,71549000,APM00124838921,APM00124838921,2/8/13 0:00,VNX53D156015,VNX5300 PSNT,900-567-002,VNX5300,HARDWARE-PART,UNIFIED-VNX,VNX/VNXe Family,Install,,05.32.000.5.218,ASP,ESRS,EMAIL HOME,,4/24/16 6:53,30111095,SA-SALE,30111095H,PREMIUM,ACTIVE,1/9/16 0:00,6/30/16 0:00,N,Unisys ASP Optional,NA,,,,,3101 GOLD CAMP DR,C/O DEPARTMENT OF TECHNOLOGY SERVICES,RANCHO CORDOVA,CA,,95670,America/Los_Angeles,concepcion.salcido@emc.com,52519 AM CS District,richard.teran@emc.com,richard.teran@emc.com,,ross.starkweather@emc.com,57000 CS Region,West CS Division,Americas CS Theater
CA Dept of State Hospitals (DSH-Rancho Cordova),10856097,71549000,APM00141107591,APM00141107591,9/17/14 0:00,VNXB58DP25M,VNX5800 PSNT,900-566-027,VNX5800,HARDWARE-PART,UNIFIED-VNX2,VNX/VNXe Family,Install,,05.33.000.5.081,ASP,ESRS,EMAIL HOME,,5/1/16 8:19,30412014,SA-SALE,30412014H,PREMIUM,ACTIVE,6/19/14 0:00,7/18/19 0:00,N,Unisys ASP Optional,NA,,,,,3101 GOLD CAMP DR,C/O DEPARTMENT OF TECHNOLOGY SERVICES,RANCHO CORDOVA,CA,,95670,America/Los_Angeles,concepcion.salcido@emc.com,52519 AM CS District,richard.teran@emc.com,richard.teran@emc.com,,ross.starkweather@emc.com,57000 CS Region,West CS Division,Americas CS Theater
CA Dept of State Hospitals (DSH-Rancho Cordova),10856097,71549000,BRCBRW2519K04F,BRCBRW2519K04F,9/22/14 0:00,DS-6510R-B,DS-6510R-B RTF-AF 24P/48P 16GB SWITCH,100-652-582,Connectrix (Brocade B Series) DS-6510,HARDWARE-PART,CONNECTRIX-BROC,Connectrix,Install,,CUSTOMER INSTALLABLE,EMC,NOT CONFIGURED,NOT CONFIGURED,,,30418462,SA-SALE,30418462H,PREMIUM,ACTIVE,6/24/14 0:00,7/23/19 0:00,N,NA,NA,,,,,3101 GOLD CAMP DR,C/O DEPARTMENT OF TECHNOLOGY SERVICES,RANCHO CORDOVA,CA,,95670,America/Los_Angeles,concepcion.salcido@emc.com,52519 AM CS District,richard.teran@emc.com,richard.teran@emc.com,,ross.starkweather@emc.com,57000 CS Region,West CS Division,Americas CS Theater
CA Dept of State Hospitals (DSH-Rancho Cordova),10856097,71549000,BRCBRW2519K04G,BRCBRW2519K04G,9/22/14 0:00,DS-6510R-B,DS-6510R-B RTF-AF 24P/48P 16GB SWITCH,100-652-582,Connectrix (Brocade B Series) DS-6510,HARDWARE-PART,CONNECTRIX-BROC,Connectrix,Install,,CUSTOMER INSTALLABLE,EMC,NOT CONFIGURED,NOT CONFIGURED,,,30418462,SA-SALE,30418462H,PREMIUM,ACTIVE,6/24/14 0:00,7/23/19 0:00,N,NA,NA,,,,,3101 GOLD CAMP DR,C/O DEPARTMENT OF TECHNOLOGY SERVICES,RANCHO CORDOVA,CA,,95670,America/Los_Angeles,concepcion.salcido@emc.com,52519 AM CS District,richard.teran@emc.com,richard.teran@emc.com,,ross.starkweather@emc.com,57000 CS Region,West CS Division,Americas CS Theater
CA Dept of State Hospitals (DSH-Rancho Cordova),10856097,71549000,SN400-301423-0199,SN400-301423-0199,11/13/14 0:00,NL400-SAT-006,NL400 BASE,610-0007-03,Isilon Gen4 NL 4U,HARDWARE-PART,ISILON-NA,Isilon,Install,,7.1.1.4,ASP,NOT CONFIGURED,M&A CONNECTION,,5/1/16 3:03,30450424,SA-SALE,30450424IS,PREMIUM,ACTIVE,8/11/14 0:00,8/10/17 0:00,N,Unisys ASP Optional,NA,,,,,3101 GOLD CAMP DR,C/O DEPARTMENT OF TECHNOLOGY SERVICES,RANCHO CORDOVA,CA,,95670,America/Los_Angeles,concepcion.salcido@emc.com,52519 AM CS District,richard.teran@emc.com,richard.teran@emc.com,,ross.starkweather@emc.com,57000 CS Region,West CS Division,Americas CS Theater
CA Dept of State Hospitals (DSH-Rancho Cordova),10856097,71549000,SN400-301433-0082,SN400-301433-0082,11/13/14 0:00,NL400-SAT-006,NL400 BASE,610-0007-03,Isilon Gen4 NL 4U,HARDWARE-PART,ISILON-NA,Isilon,Install,,CUSTOMER INSTALLABLE,ASP,NOT CONFIGURED,M&A CONNECTION,,2/24/15 23:17,30450424,SA-SALE,30450424IS,PREMIUM,ACTIVE,8/11/14 0:00,8/10/17 0:00,N,Unisys ASP Optional,NA,,,,,3101 GOLD CAMP DR,C/O DEPARTMENT OF TECHNOLOGY SERVICES,RANCHO CORDOVA,CA,,95670,America/Los_Angeles,concepcion.salcido@emc.com,52519 AM CS District,richard.teran@emc.com,richard.teran@emc.com,,ross.starkweather@emc.com,57000 CS Region,West CS Division,Americas CS Theater
CA Dept of State Hospitals (DSH-Rancho Cordova),10856097,71549000,SN400-301433-0083,SN400-301433-0083,11/13/14 0:00,NL400-SAT-006,NL400 BASE,610-0007-03,Isilon Gen4 NL 4U,HARDWARE-PART,ISILON-NA,Isilon,Install,,7.2.0.3,ASP,NOT CONFIGURED,M&A CONNECTION,,10/1/15 4:13,30450424,SA-SALE,30450424IS,PREMIUM,ACTIVE,8/11/14 0:00,8/10/17 0:00,N,Unisys ASP Optional,NA,,,,,3101 GOLD CAMP DR,C/O DEPARTMENT OF TECHNOLOGY SERVICES,RANCHO CORDOVA,CA,,95670,America/Los_Angeles,concepcion.salcido@emc.com,52519 AM CS District,richard.teran@emc.com,richard.teran@emc.com,,ross.starkweather@emc.com,57000 CS Region,West CS Division,Americas CS Theater
CA Dept of State Hospitals (DSH-Rancho Cordova),10856097,71549000,CNVS211400102,CNVS211400102,11/13/14 0:00,851-0170,SWITCH INFINIBAND 18-PORT,851-0170-03,Isilon Switch,HARDWARE-PART,ISILON-NA,Isilon,Install,,CUSTOMER INSTALLABLE,ASP,NOT CONFIGURED,NOT CONFIGURED,,,30450424,SA-SALE,30450424IS,PREMIUM,ACTIVE,8/11/14 0:00,8/10/17 0:00,N,Unisys ASP Optional,NA,,,,,3101 GOLD CAMP DR,C/O DEPARTMENT OF TECHNOLOGY SERVICES,RANCHO CORDOVA,CA,,95670,America/Los_Angeles,concepcion.salcido@emc.com,52519 AM CS District,richard.teran@emc.com,richard.teran@emc.com,,ross.starkweather@emc.com,57000 CS Region,West CS Division,Americas CS Theater
CA Dept of State Hospitals (DSH-Rancho Cordova),10856097,71549000,CNVS211400090,CNVS211400090,11/13/14 0:00,851-0170,SWITCH INFINIBAND 18-PORT,851-0170-03,Isilon Switch,HARDWARE-PART,ISILON-NA,Isilon,Install,,CUSTOMER INSTALLABLE,ASP,NOT CONFIGURED,NOT CONFIGURED,,,30450424,SA-SALE,30450424IS,PREMIUM,ACTIVE,8/11/14 0:00,8/10/17 0:00,N,Unisys ASP Optional,NA,,,,,3101 GOLD CAMP DR,C/O DEPARTMENT OF TECHNOLOGY SERVICES,RANCHO CORDOVA,CA,,95670,America/Los_Angeles,concepcion.salcido@emc.com,52519 AM CS District,richard.teran@emc.com,richard.teran@emc.com,,ross.starkweather@emc.com,57000 CS Region,West CS Division,Americas CS Theater
CA Dept of State Hospitals (DSH-Patton),9904688,71549000,BRCBRW2536G011,BRCBRW2536G011,8/26/13 0:00,DS-6510R-B,DS-6510R-B RTF-AF 24P/48P 16GB SWITCH,100-652-582,Connectrix (Brocade B Series) DS-6510,HARDWARE-PART,CONNECTRIX-BROC,Connectrix,Install,,6.4.3c,ASP,ESRS,ESRS,,6/24/14 13:47,30226959,SA-SALE,30226959H,PREMIUM,ACTIVE,7/29/13 0:00,8/27/16 0:00,N,Unisys ASP Optional,NA,,,,,C/O PATTON STATE HOSPITAL,3102 E HIGHLAND AVE,PATTON,CA,,92369,America/Los_Angeles,ronald.freedman@emc.com,52213 AM CS District,,david.farris@emc.com,,ross.starkweather@emc.com,58000 CS Region,West CS Division,Americas CS Theater
CA Dept of State Hospitals (DSH-Patton),9904688,71549000,BRCBRW2505J017,BRCBRW2505J017,8/26/13 0:00,DS-6510R-B,DS-6510R-B RTF-AF 24P/48P 16GB SWITCH,100-652-582,Connectrix (Brocade B Series) DS-6510,HARDWARE-PART,CONNECTRIX-BROC,Connectrix,Install,,6.4.3c,ASP,ESRS,ESRS,,5/4/14 18:45,30226959,SA-SALE,30226959H,PREMIUM,ACTIVE,7/29/13 0:00,8/27/16 0:00,N,Unisys ASP Optional,NA,,,,,C/O PATTON STATE HOSPITAL,3102 E HIGHLAND AVE,PATTON,CA,,92369,America/Los_Angeles,ronald.freedman@emc.com,52213 AM CS District,,david.farris@emc.com,,ross.starkweather@emc.com,58000 CS Region,West CS Division,Americas CS Theater
CA Dept of State Hospitals (DSH-Patton),9904688,71549000,APM00131617158,APM00131617158,8/19/13 0:00,VNX53D156015,VNX5300 PSNT,900-567-002,VNX5300,HARDWARE-PART,UNIFIED-VNX,VNX/VNXe Family,Install,,05.32.000.5.218,ASP,WEBEX,EMAIL HOME,,5/4/16 7:58,30226959,SA-SALE,30226959H,PREMIUM,ACTIVE,7/30/13 0:00,8/28/16 0:00,N,Unisys ASP Optional,NA,,,,,C/O PATTON STATE HOSPITAL,3102 E HIGHLAND AVE,PATTON,CA,,92369,America/Los_Angeles,ronald.freedman@emc.com,52213 AM CS District,,david.farris@emc.com,,ross.starkweather@emc.com,58000 CS Region,West CS Division,Americas CS Theater
CA Dept of State Hospitals (DSH-Patton),9904688,71549000,FC6AV142200086,FC6AV142200086,9/18/14 0:00,AVMA2400FG4S,AVM G4S M2400 Node Assy D2U-12 GRU,100-580-642-05,Avamar,HARDWARE-PART,AVAMAR-NA,Avamar,Install,,,EMC,NOT CONFIGURED,NOT CONFIGURED,,,30416000,SA-SALE,,,,,,N,NA,NA,,,,,C/O PATTON STATE HOSPITAL,3102 E HIGHLAND AVE,PATTON,CA,,92369,America/Los_Angeles,ronald.freedman@emc.com,52213 AM CS District,,david.farris@emc.com,,ross.starkweather@emc.com,58000 CS Region,West CS Division,Americas CS Theater
CA Dept of State Hospitals (DSH-Patton),9904688,71549000,FC6AV142200089,FC6AV142200089,9/18/14 0:00,AVMA2400FG4S,AVM G4S M2400 Node Assy D2U-12 GRU,100-580-642-05,Avamar,HARDWARE-PART,AVAMAR-NA,Avamar,Install,,,EMC,NOT CONFIGURED,NOT CONFIGURED,,,30416000,SA-SALE,,,,,,N,NA,NA,,,,,C/O PATTON STATE HOSPITAL,3102 E HIGHLAND AVE,PATTON,CA,,92369,America/Los_Angeles,ronald.freedman@emc.com,52213 AM CS District,,david.farris@emc.com,,ross.starkweather@emc.com,58000 CS Region,West CS Division,Americas CS Theater
CA Dept of State Hospitals (DSH-Patton),9904688,71549000,FC6AV142200092,FC6AV142200092,9/18/14 0:00,AVMA2400FG4S,AVM G4S M2400 Node Assy D2U-12 GRU,100-580-642-05,Avamar,HARDWARE-PART,AVAMAR-NA,Avamar,Install,,7.1.0-370 SLES,EMC,NOT APPLICABLE,NOT APPLICABLE,1419385582001E67A07001,,30416000,SA-SALE,,,,,,N,NA,NA,,,,,C/O PATTON STATE HOSPITAL,3102 E HIGHLAND AVE,PATTON,CA,,92369,America/Los_Angeles,ronald.freedman@emc.com,52213 AM CS District,,david.farris@emc.com,,ross.starkweather@emc.com,58000 CS Region,West CS Division,Americas CS Theater
CA Dept of State Hospitals (DSH-Patton),9904688,71549000,FC6AV142200097,FC6AV142200097,9/18/14 0:00,AVMA2400FG4S,AVM G4S M2400 Node Assy D2U-12 GRU,100-580-642-05,Avamar,HARDWARE-PART,AVAMAR-NA,Avamar,Install,,7.1.0-370 SLES,EMC,NOT APPLICABLE,NOT APPLICABLE,1419374010001E679D5AA7,,30416000,SA-SALE,30416000H,PREMIUM,ACTIVE,6/20/14 0:00,7/19/17 0:00,N,NA,NA,,,,,C/O PATTON STATE HOSPITAL,3102 E HIGHLAND AVE,PATTON,CA,,92369,America/Los_Angeles,ronald.freedman@emc.com,52213 AM CS District,,david.farris@emc.com,,ross.starkweather@emc.com,58000 CS Region,West CS Division,Americas CS Theater
CA Dept of State Hospitals (DSH-Patton),9904688,71549000,FC6AV142300017,FC6AV142300017,9/18/14 0:00,AVMA2400FG4S,AVM G4S M2400 Node Assy D2U-12 GRU,100-580-642-05,Avamar,HARDWARE-PART,AVAMAR-NA,Avamar,Install,,7.1.0-370 SLES,EMC,NOT APPLICABLE,NOT APPLICABLE,1419446551001E679D5B6B,,30416000,SA-SALE,,,,,,N,NA,NA,,,,,C/O PATTON STATE HOSPITAL,3102 E HIGHLAND AVE,PATTON,CA,,92369,America/Los_Angeles,ronald.freedman@emc.com,52213 AM CS District,,david.farris@emc.com,,ross.starkweather@emc.com,58000 CS Region,West CS Division,Americas CS Theater
CA Dept of State Hospitals (DSH-Patton),9904688,71549000,FC6AV142300027,FC6AV142300027,9/18/14 0:00,AVMA2400FG4S,AVM G4S M2400 Node Assy D2U-12 GRU,100-580-642-05,Avamar,HARDWARE-PART,AVAMAR-NA,Avamar,Install,,,EMC,NOT CONFIGURED,NOT CONFIGURED,,,30416000,SA-SALE,,,,,,N,NA,NA,,,,,C/O PATTON STATE HOSPITAL,3102 E HIGHLAND AVE,PATTON,CA,,92369,America/Los_Angeles,ronald.freedman@emc.com,52213 AM CS District,,david.farris@emc.com,,ross.starkweather@emc.com,58000 CS Region,West CS Division,Americas CS Theater
CA Dept of State Hospitals (DSH-Patton),9904688,71549000,SN400-301433-0063,SN400-301433-0063,11/13/14 0:00,NL400-SAT-006,NL400 BASE,610-0007-03,Isilon Gen4 NL 4U,HARDWARE-PART,ISILON-NA,Isilon,Install,,7.0.2.10,ASP,NOT CONFIGURED,M&A CONNECTION,,4/28/15 14:34,30450424,SA-SALE,30450424IS,PREMIUM,ACTIVE,8/11/14 0:00,8/10/17 0:00,N,Unisys ASP Optional,NA,,,,,C/O PATTON STATE HOSPITAL,3102 E HIGHLAND AVE,PATTON,CA,,92369,America/Los_Angeles,ronald.freedman@emc.com,52213 AM CS District,,david.farris@emc.com,,ross.starkweather@emc.com,58000 CS Region,West CS Division,Americas CS Theater
CA Dept of State Hospitals (DSH-Patton),9904688,71549000,SN400-301433-0077,SN400-301433-0077,11/13/14 0:00,NL400-SAT-006,NL400 BASE,610-0007-03,Isilon Gen4 NL 4U,HARDWARE-PART,ISILON-NA,Isilon,Install,,7.0.2.12,ASP,NOT CONFIGURED,M&A CONNECTION,,12/15/15 21:58,30450424,SA-SALE,30450424IS,PREMIUM,ACTIVE,8/11/14 0:00,8/10/17 0:00,N,Unisys ASP Optional,NA,,,,,C/O PATTON STATE HOSPITAL,3102 E HIGHLAND AVE,PATTON,CA,,92369,America/Los_Angeles,ronald.freedman@emc.com,52213 AM CS District,,david.farris@emc.com,,ross.starkweather@emc.com,58000 CS Region,West CS Division,Americas CS Theater
CA Dept of State Hospitals (DSH-Patton),9904688,71549000,SN400-301433-0078,SN400-301433-0078,11/13/14 0:00,NL400-SAT-006,NL400 BASE,610-0007-03,Isilon Gen4 NL 4U,HARDWARE-PART,ISILON-NA,Isilon,Install,,7.0.2.12,ASP,NOT CONFIGURED,M&A CONNECTION,,12/15/15 21:58,30450424,SA-SALE,30450424IS,PREMIUM,ACTIVE,8/11/14 0:00,8/10/17 0:00,N,Unisys ASP Optional,NA,,,,,C/O PATTON STATE HOSPITAL,3102 E HIGHLAND AVE,PATTON,CA,,92369,America/Los_Angeles,ronald.freedman@emc.com,52213 AM CS District,,david.farris@emc.com,,ross.starkweather@emc.com,58000 CS Region,West CS Division,Americas CS Theater
CA Dept of State Hospitals (DSH-Patton),9904688,71549000,SN400-301433-0079,SN400-301433-0079,11/13/14 0:00,NL400-SAT-006,NL400 BASE,610-0007-03,Isilon Gen4 NL 4U,HARDWARE-PART,ISILON-NA,Isilon,Install,,7.0.2.12,ASP,NOT CONFIGURED,M&A CONNECTION,,6/20/15 21:25,30450424,SA-SALE,30450424IS,PREMIUM,ACTIVE,8/11/14 0:00,8/10/17 0:00,N,Unisys ASP Optional,NA,,,,,C/O PATTON STATE HOSPITAL,3102 E HIGHLAND AVE,PATTON,CA,,92369,America/Los_Angeles,ronald.freedman@emc.com,52213 AM CS District,,david.farris@emc.com,,ross.starkweather@emc.com,58000 CS Region,West CS Division,Americas CS Theater
CA Dept of State Hospitals (DSH-Patton),9904688,71549000,CNVS161400003,CNVS161400003,11/13/14 0:00,851-0170,SWITCH INFINIBAND 18-PORT,851-0170-03,Isilon Switch,HARDWARE-PART,ISILON-NA,Isilon,Install,,CUSTOMER INSTALLABLE,ASP,NOT CONFIGURED,NOT CONFIGURED,,,30450424,SA-SALE,30450424IS,PREMIUM,ACTIVE,8/11/14 0:00,8/10/17 0:00,N,Unisys ASP Optional,NA,,,,,C/O PATTON STATE HOSPITAL,3102 E HIGHLAND AVE,PATTON,CA,,92369,America/Los_Angeles,ronald.freedman@emc.com,52213 AM CS District,,david.farris@emc.com,,ross.starkweather@emc.com,58000 CS Region,West CS Division,Americas CS Theater
CA Dept of State Hospitals (DSH-Patton),9904688,71549000,CNVS211400055,CNVS211400055,11/13/14 0:00,851-0170,SWITCH INFINIBAND 18-PORT,851-0170-03,Isilon Switch,HARDWARE-PART,ISILON-NA,Isilon,Install,,CUSTOMER INSTALLABLE,ASP,NOT CONFIGURED,NOT CONFIGURED,,,30450424,SA-SALE,30450424IS,PREMIUM,ACTIVE,8/11/14 0:00,8/10/17 0:00,N,Unisys ASP Optional,NA,,,,,C/O PATTON STATE HOSPITAL,3102 E HIGHLAND AVE,PATTON,CA,,92369,America/Los_Angeles,ronald.freedman@emc.com,52213 AM CS District,,david.farris@emc.com,,ross.starkweather@emc.com,58000 CS Region,West CS Division,Americas CS Theater
CA Dept of State Hospitals (DSH-Patton),9904688,71549000,1419374010001E679D5AA7,1419374010001E679D5AA7,12/25/14 6:36,456-100-309,AVAMAR SOLUTION IDENTIFIER,900-580-003,Avamar,SOFTWARE-PART,AVAMAR-NA,Avamar,Install,,7.1.0-370 SLES,EMC,NOT CONFIGURED,EMAIL HOME,FC6AV142200097,5/2/16 14:08,,,,,,,,N,NA,NA,,,,,C/O PATTON STATE HOSPITAL,3102 E HIGHLAND AVE,PATTON,CA,,92369,America/Los_Angeles,ronald.freedman@emc.com,52213 AM CS District,,david.farris@emc.com,,ross.starkweather@emc.com,58000 CS Region,West CS Division,Americas CS Theater
CA Dept of State Hospitals (DSH-Patton),9904688,71549000,1419385582001E67A07001,1419385582001E67A07001,1/20/15 4:17,456-100-309,AVAMAR SOLUTION IDENTIFIER,900-580-003,Avamar,SOFTWARE-PART,AVAMAR-NA,Avamar,Install,,7.1.0-370 SLES,EMC,WEBEX,EMAIL HOME,FC6AV142200092,4/22/16 14:16,,,,,,,,N,NA,NA,,,,,C/O PATTON STATE HOSPITAL,3102 E HIGHLAND AVE,PATTON,CA,,92369,America/Los_Angeles,ronald.freedman@emc.com,52213 AM CS District,,david.farris@emc.com,,ross.starkweather@emc.com,58000 CS Region,West CS Division,Americas CS Theater
CA Dept of State Hospitals (DSH-Patton),9904688,71549000,1419388845001E679D4545,1419388845001E679D4545,1/29/15 15:22,456-100-309,AVAMAR SOLUTION IDENTIFIER,900-580-003,Avamar,SOFTWARE-PART,AVAMAR-NA,Avamar,Install,,7.1.0-370 SLES,EMC,WEBEX,EMAIL HOME,FC6AV142300022,5/2/16 15:42,,,,,,,,N,NA,NA,,,,,C/O PATTON STATE HOSPITAL,3102 E HIGHLAND AVE,PATTON,CA,,92369,America/Los_Angeles,ronald.freedman@emc.com,52213 AM CS District,,david.farris@emc.com,,ross.starkweather@emc.com,58000 CS Region,West CS Division,Americas CS Theater
CA Dept of State Hospitals (DSH - Atascadero),7950234,71549000,APM00110300138,APM00110300138,4/6/11 0:00,NS120-AUXF8CR,"ASSY, NS-120 AC 2U SPE 4 - AUX CHS",100-520-673,Celerra NS-120,HARDWARE-PART,CELERRA-NA,Celerra,Install - T&M,,04.30.000.5.524,T&M,,,APM00110202534,,64082576,SA-SALE-US,64082576H,PREMIUM,CANCELLED,3/18/14 0:00,4/24/17 0:00,N,Unisys T&M ASP,NA,,,,,10333 EL CAMINO REAL,,ATASCADERO,CA,,93422,America/Los_Angeles,andrea.adams@emc.com,52515 AM CS District,larry.simeroth@emc.com,larry.simeroth@emc.com,,ross.starkweather@emc.com,58000 CS Region,West CS Division,Americas CS Theater
CA Dept of State Hospitals (DSH - Atascadero),7950234,71549000,APM00110202534,APM00110202534,4/6/11 0:00,NS122-C-FD,NS122C MOJITO 1U XPE-NAS DUAL DM CHASSIS,100-520-068,Celerra NS-120,HARDWARE-PART,CELERRA-CX3,Celerra,Install - T&M,,6.0.55.3,T&M,,,APM00110300138,,64082576,SA-SALE-US,64082576H,PREMIUM,CANCELLED,4/6/14 0:00,4/24/17 0:00,N,Unisys T&M ASP,NA,,,,,10333 EL CAMINO REAL,,ATASCADERO,CA,,93422,America/Los_Angeles,andrea.adams@emc.com,52515 AM CS District,larry.simeroth@emc.com,larry.simeroth@emc.com,,ross.starkweather@emc.com,58000 CS Region,West CS Division,Americas CS Theater
CA Dept of State Hospitals (DSH - Atascadero),7950234,71549000,ARWAV121403351,ARWAV121403351,7/25/12 12:00,AVM1NSTG7FG4,ADS Gen4 7.8TB Storage Node,100-580-617,Avamar,HARDWARE-PART,AVAMAR-NA,Avamar,Install,,6.0.1.66,EMC,WEBEX,EMAIL HOME,1339626334D4AE52644605,,64670222,SW-SWAP-US,64670222HL,PREMIUM,CUSTOMER QUOTED,7/1/15 0:00,6/30/16 0:00,N,NA,NA,,,,,10333 EL CAMINO REAL,,ATASCADERO,CA,,93422,America/Los_Angeles,andrea.adams@emc.com,52515 AM CS District,larry.simeroth@emc.com,larry.simeroth@emc.com,,ross.starkweather@emc.com,58000 CS Region,West CS Division,Americas CS Theater
CA Dept of State Hospitals (DSH - Atascadero),7950234,71549000,ARWAV120300780,ARWAV120300780,7/15/12 12:00,AVM1NUTILFG4,ADS GEN4 UTILITY NODE,100-580-616,Avamar,HARDWARE-PART,AVAMAR-NA,Avamar,Install,,6.1.0-402 SLES,EMC,WEBEX,EMAIL HOME,,,64670222,SW-SWAP-US,64670222HL,PREMIUM,CUSTOMER QUOTED,7/1/15 0:00,6/30/16 0:00,N,NA,NA,,,,,10333 EL CAMINO REAL,,ATASCADERO,CA,,93422,America/Los_Angeles,andrea.adams@emc.com,52515 AM CS District,larry.simeroth@emc.com,larry.simeroth@emc.com,,ross.starkweather@emc.com,58000 CS Region,West CS Division,Americas CS Theater
CA Dept of State Hospitals (DSH - Atascadero),7950234,71549000,ARWAV121403347,ARWAV121403347,7/25/12 12:00,AVM1NSTG7FG4,ADS Gen4 7.8TB Storage Node,100-580-617,Avamar,HARDWARE-PART,AVAMAR-NA,Avamar,Install,,6.0.1.66,EMC,WEBEX,EMAIL HOME,1339626334D4AE52644605,,64670222,SW-SWAP-US,64670222HL,PREMIUM,CUSTOMER QUOTED,7/1/15 0:00,6/30/16 0:00,N,NA,NA,,,,,10333 EL CAMINO REAL,,ATASCADERO,CA,,93422,America/Los_Angeles,andrea.adams@emc.com,52515 AM CS District,larry.simeroth@emc.com,larry.simeroth@emc.com,,ross.starkweather@emc.com,58000 CS Region,West CS Division,Americas CS Theater
CA Dept of State Hospitals (DSH - Atascadero),7950234,71549000,ARWAV124110004,ARWAV124110004,1/10/13 5:00,AVM1NSTG7FG4,ADS Gen4 7.8TB Storage Node,100-580-617,Avamar,HARDWARE-PART,AVAMAR-NA,Avamar,Install,,6.1.1-87 SLES,EMC,NOT APPLICABLE,NOT APPLICABLE,1339626334D4AE52644605,,30112009,SA-SALE,30112009H,PREMIUM,CUSTOMER QUOTED,7/1/15 0:00,6/30/16 0:00,N,NA,NA,,,,,10333 EL CAMINO REAL,,ATASCADERO,CA,,93422,America/Los_Angeles,andrea.adams@emc.com,52515 AM CS District,larry.simeroth@emc.com,larry.simeroth@emc.com,,ross.starkweather@emc.com,58000 CS Region,West CS Division,Americas CS Theater
CA Dept of State Hospitals (DSH - Atascadero),7950234,71549000,BRCBRW2505K00E,BRCBRW2505K00E,6/4/14 0:00,DS-6510F-8GB,DS-6510F-B 24P/48P 8GB FTR BASE SWITCH,100-652-596,Connectrix (Brocade B Series) DS-6510,HARDWARE-PART,CONNECTRIX-BROC,Connectrix,Install,,CUSTOMER INSTALLABLE,ASP,NOT CONFIGURED,NOT CONFIGURED,,,30349899,SA-SALE,30349899H,PREMIUM,ACTIVE,3/6/14 0:00,4/4/17 0:00,N,Unisys ASP CS District,NA,,,,,10333 EL CAMINO REAL,,ATASCADERO,CA,,93422,America/Los_Angeles,andrea.adams@emc.com,52515 AM CS District,larry.simeroth@emc.com,larry.simeroth@emc.com,,ross.starkweather@emc.com,58000 CS Region,West CS Division,Americas CS Theater
CA Dept of State Hospitals (DSH - Atascadero),7950234,71549000,BRCBRW2505K00H,BRCBRW2505K00H,6/4/14 0:00,DS-6510F-8GB,DS-6510F-B 24P/48P 8GB FTR BASE SWITCH,100-652-596,Connectrix (Brocade B Series) DS-6510,HARDWARE-PART,CONNECTRIX-BROC,Connectrix,Install,,CUSTOMER INSTALLABLE,ASP,NOT CONFIGURED,NOT CONFIGURED,,,30349899,SA-SALE,30349899H,PREMIUM,ACTIVE,3/6/14 0:00,4/4/17 0:00,N,Unisys ASP CS District,NA,,,,,10333 EL CAMINO REAL,,ATASCADERO,CA,,93422,America/Los_Angeles,andrea.adams@emc.com,52515 AM CS District,larry.simeroth@emc.com,larry.simeroth@emc.com,,ross.starkweather@emc.com,58000 CS Region,West CS Division,Americas CS Theater
CA Dept of State Hospitals (DSH - Atascadero),7950234,71549000,APM00141012596,APM00141012596,4/9/14 12:00,VNXB54DP25,VNX5400 PSNT,900-566-029,VNX5400,HARDWARE-PART,UNIFIED-VNX2,VNX/VNXe Family,Install,,05.33.000.5.081,ASP,WEBEX,EMAIL HOME,,5/3/16 20:33,30349899,SA-SALE,30349899H,PREMIUM,ACTIVE,3/7/14 0:00,4/5/17 0:00,N,Unisys ASP CS District,NA,,,,,10333 EL CAMINO REAL,,ATASCADERO,CA,,93422,America/Los_Angeles,andrea.adams@emc.com,52515 AM CS District,larry.simeroth@emc.com,larry.simeroth@emc.com,,ross.starkweather@emc.com,58000 CS Region,West CS Division,Americas CS Theater
CA Dept of State Hospitals (DSH - Atascadero),7950234,71549000,APM00145043060,APM00145043060,12/31/14 0:00,DD4200-CTL-B,DD4200-CTL PSNT,900-565-015,Data Domain,HARDWARE-PART,DATADOMAIN-HYDR,Data Domain,Install,,,ASP,NOT CONFIGURED,NOT CONFIGURED,,4/26/16 21:47,30555065,SA-SALE,30555065BR,PREMIUM,ACTIVE,12/31/14 0:00,12/30/17 0:00,N,Unisys ASP CS District,NA,,,,,10333 EL CAMINO REAL,,ATASCADERO,CA,,93422,America/Los_Angeles,andrea.adams@emc.com,52515 AM CS District,larry.simeroth@emc.com,larry.simeroth@emc.com,,ross.starkweather@emc.com,58000 CS Region,West CS Division,Americas CS Theater
CA Dept of State Hospitals (DSH - Atascadero),7950234,71549000,1339626334D4AE52644605,1339626334D4AE52644605,7/26/12 6:25,456-100-309,AVAMAR SOLUTION IDENTIFIER,900-580-003,Avamar,SOFTWARE-PART,AVAMAR-NA,Avamar,Install,,,EMC,WEBEX,EMAIL HOME,"ARWAV121403352,ARWAV121403351,ARWAV121403353,ARWAV121403354,ARWAV124110012,ARWAV124110004,ARWAV121403347",5/3/16 21:38,,,,,,,,N,NA,NA,,,,,10333 EL CAMINO REAL,,ATASCADERO,CA,,93422,America/Los_Angeles,andrea.adams@emc.com,52515 AM CS District,larry.simeroth@emc.com,larry.simeroth@emc.com,,ross.starkweather@emc.com,58000 CS Region,West CS Division,Americas CS Theater
CA Dept of State Hospitals (DSH-Sacramento),17381236,71549000,APM00141619612,APM00141619612,9/17/14 0:00,VNXB58DP25M,VNX5800 PSNT,900-566-027,VNX5800,HARDWARE-PART,UNIFIED-VNX2,VNX/VNXe Family,Install,,05.33.000.5.081,ASP,ESRS,EMAIL HOME,,4/30/16 6:51,30412014,SA-SALE,30412014H,PREMIUM,ACTIVE,6/19/14 0:00,7/18/19 0:00,N,Unisys ASP Optional,NA,,,,,1600 9TH ST,SUITE 250,SACRAMENTO,CA,,95814,America/Los_Angeles,concepcion.salcido@emc.com,52519 AM CS District,,richard.teran@emc.com,,ross.starkweather@emc.com,57000 CS Region,West CS Division,Americas CS Theater
CA Dept of State Hospitals (DSH-Sacramento),17381236,71549000,BRCBRW2519K04J,BRCBRW2519K04J,9/22/14 0:00,DS-6510R-B,DS-6510R-B RTF-AF 24P/48P 16GB SWITCH,100-652-582,Connectrix (Brocade B Series) DS-6510,HARDWARE-PART,CONNECTRIX-BROC,Connectrix,Install,,CUSTOMER INSTALLABLE,EMC,NOT CONFIGURED,NOT CONFIGURED,,,30418462,SA-SALE,30418462H,PREMIUM,ACTIVE,6/24/14 0:00,7/23/19 0:00,N,NA,NA,,,,,1600 9TH ST,SUITE 250,SACRAMENTO,CA,,95814,America/Los_Angeles,concepcion.salcido@emc.com,52519 AM CS District,,richard.teran@emc.com,,ross.starkweather@emc.com,57000 CS Region,West CS Division,Americas CS Theater
CA Dept of State Hospitals (DSH-Sacramento),17381236,71549000,BRCBRW2539J071,BRCBRW2539J071,9/22/14 0:00,DS-6510R-B,DS-6510R-B RTF-AF 24P/48P 16GB SWITCH,100-652-582,Connectrix (Brocade B Series) DS-6510,HARDWARE-PART,CONNECTRIX-BROC,Connectrix,Install,,CUSTOMER INSTALLABLE,EMC,NOT CONFIGURED,NOT CONFIGURED,,,30418462,SA-SALE,30418462H,PREMIUM,ACTIVE,6/24/14 0:00,7/23/19 0:00,N,NA,NA,,,,,1600 9TH ST,SUITE 250,SACRAMENTO,CA,,95814,America/Los_Angeles,concepcion.salcido@emc.com,52519 AM CS District,,richard.teran@emc.com,,ross.starkweather@emc.com,57000 CS Region,West CS Division,Americas CS Theater
CA Dept of State Hospitals (DSH-Sacramento),17381236,71549000,BRCBRW2525K025,BRCBRW2525K025,9/25/14 0:00,DS-6510R-B,DS-6510R-B RTF-AF 24P/48P 16GB SWITCH,100-652-582,Connectrix (Brocade B Series) DS-6510,HARDWARE-PART,CONNECTRIX-BROC,Connectrix,Install,,CUSTOMER INSTALLABLE,EMC,NOT CONFIGURED,NOT CONFIGURED,,,30424748,SA-SALE,30424748H,PREMIUM,ACTIVE,6/27/14 0:00,7/26/19 0:00,N,NA,NA,,,,,1600 9TH ST,SUITE 250,SACRAMENTO,CA,,95814,America/Los_Angeles,concepcion.salcido@emc.com,52519 AM CS District,,richard.teran@emc.com,,ross.starkweather@emc.com,57000 CS Region,West CS Division,Americas CS Theater
CA Dept of State Hospitals (DSH-Sacramento),17381236,71549000,BRCBRW2525K02B,BRCBRW2525K02B,9/25/14 0:00,DS-6510R-B,DS-6510R-B RTF-AF 24P/48P 16GB SWITCH,100-652-582,Connectrix (Brocade B Series) DS-6510,HARDWARE-PART,CONNECTRIX-BROC,Connectrix,Install,,CUSTOMER INSTALLABLE,EMC,NOT CONFIGURED,NOT CONFIGURED,,,30424748,SA-SALE,30424748H,PREMIUM,ACTIVE,6/27/14 0:00,7/26/19 0:00,N,NA,NA,,,,,1600 9TH ST,SUITE 250,SACRAMENTO,CA,,95814,America/Los_Angeles,concepcion.salcido@emc.com,52519 AM CS District,,richard.teran@emc.com,,ross.starkweather@emc.com,57000 CS Region,West CS Division,Americas CS Theater
CA Dept of State Hospitals (DSH-Napa),9904565,71549000,APM00081900425,APM00081900425,9/29/08 11:02,CX3-10C-FD,1U CX3-10 ISCSI COMBO HA CHASSIS,100-561-299,CLARiiON CX3-10,HARDWARE-PART,CLARIION-CX3,CLARiiON,Install - T&M,,03.26.010.5.031,EMC,,,,10/3/14 4:37,62816989,SA-SALE-US,62816989H,PREMIUM,CANCELLED,12/8/13 0:00,3/31/14 0:00,N,NA,NA,,,,,2100 NAPA VALLEJO HWY,C/O NAPA STATE HOSPITAL,NAPA,CA,,94558,America/Los_Angeles,concepcion.salcido@emc.com,52519 AM CS District,,dennis.franklin@emc.com,,ross.starkweather@emc.com,57000 CS Region,West CS Division,Americas CS Theater
CA Dept of State Hospitals (DSH-Napa),9904565,71549000,APM00141700685,APM00141700685,6/28/14 0:00,VNX53D259010M,VNX5300 PSNT,900-567-002,VNX5300,HARDWARE-PART,UNIFIED-VNX,VNX/VNXe Family,Install,,05.32.000.5.215,ASP,WEBEX,EMAIL HOME,,2/27/16 1:37,30395958,SA-SALE,30395958H,PREMIUM,ACTIVE,5/28/14 0:00,6/26/17 0:00,N,Unisys ASP Optional,NA,,,,,2100 NAPA VALLEJO HWY,C/O NAPA STATE HOSPITAL,NAPA,CA,,94558,America/Los_Angeles,concepcion.salcido@emc.com,52519 AM CS District,,dennis.franklin@emc.com,,ross.starkweather@emc.com,57000 CS Region,West CS Division,Americas CS Theater
CA Dept of State Hospitals (DSH-Napa),9904565,71549000,05TJFA010005031,05TJFA010005031,5/28/14 0:00,RPS-V53,RecoverPoint and RPS RTU for VNX5300,100S-001829,RecoverPoint SE,SOFTWARE-PART,RECOVERPOINT-NA,RecoverPoint,Install,,,EMC,,,,,30395958,SA-SALE,30395958S,PREMIUM,ACTIVE,5/28/14 0:00,5/27/17 0:00,N,NA,NA,,,,,2100 NAPA VALLEJO HWY,C/O NAPA STATE HOSPITAL,NAPA,CA,,94558,America/Los_Angeles,concepcion.salcido@emc.com,52519 AM CS District,,dennis.franklin@emc.com,,ross.starkweather@emc.com,57000 CS Region,West CS Division,Americas CS Theater
CA Dept of State Hospitals (DSH-Napa),9904565,71549000,1419446551001E679D5B6B,1419446551001E679D5B6B,1/22/15 1:10,456-100-309,AVAMAR SOLUTION IDENTIFIER,900-580-003,Avamar,SOFTWARE-PART,AVAMAR-NA,Avamar,Install,,7.1.0-370 SLES,EMC,WEBEX,EMAIL HOME,FC6AV142300017,4/23/16 9:34,,,,,,,,N,NA,NA,,,,,2100 NAPA VALLEJO HWY,C/O NAPA STATE HOSPITAL,NAPA,CA,,94558,America/Los_Angeles,concepcion.salcido@emc.com,52519 AM CS District,,dennis.franklin@emc.com,,ross.starkweather@emc.com,57000 CS Region,West CS Division,Americas CS Theater
CA Dept of State Hospitals (DSH-Norwalk),5019237,71549000,BRCBRW2546J07N,BRCBRW2546J07N,4/22/14 0:00,DS-6510F-8GB,DS-6510F-B 24P/48P 8GB FTR BASE SWITCH,100-652-596,Connectrix (Brocade B Series) DS-6510,HARDWARE-PART,CONNECTRIX-BROC,Connectrix,Install,,7.0.2c,EMC,NOT CONFIGURED,NOT CONFIGURED,,,30326750,SA-SALE,30326750H,PREMIUM,ACTIVE,1/27/14 0:00,2/25/17 0:00,N,NA,NA,,,,,11401 BLOOMFIELD AVE,,NORWALK,CA,,90650,America/Los_Angeles,ronald.freedman@emc.com,52213 AM CS District,,steve.wilson@emc.com,,ross.starkweather@emc.com,58000 CS Region,West CS Division,Americas CS Theater
CA Dept of State Hospitals (DSH-Norwalk),5019237,71549000,BRCBRW2546J07R,BRCBRW2546J07R,4/22/14 0:00,DS-6510F-8GB,DS-6510F-B 24P/48P 8GB FTR BASE SWITCH,100-652-596,Connectrix (Brocade B Series) DS-6510,HARDWARE-PART,CONNECTRIX-BROC,Connectrix,Install,,7.0.2c,EMC,NOT CONFIGURED,NOT CONFIGURED,,,30326750,SA-SALE,30326750H,PREMIUM,ACTIVE,1/27/14 0:00,2/25/17 0:00,N,NA,NA,,,,,11401 BLOOMFIELD AVE,,NORWALK,CA,,90650,America/Los_Angeles,ronald.freedman@emc.com,52213 AM CS District,,steve.wilson@emc.com,,ross.starkweather@emc.com,58000 CS Region,West CS Division,Americas CS Theater
CA Dept of State Hospitals (DSH-Norwalk),5019237,71549000,APM00140619762,APM00140619762,4/7/14 0:00,VNXB54DP25,VNX5400 PSNT,900-566-029,VNX5400,HARDWARE-PART,UNIFIED-VNX2,VNX/VNXe Family,Install,,05.33.000.5.081,ASP,WEBEX,EMAIL HOME,,5/4/16 23:46,30326750,SA-SALE,30326750H,PREMIUM,ACTIVE,1/27/14 0:00,2/25/17 0:00,N,Unisys ASP Optional,NA,,,,,11401 BLOOMFIELD AVE,,NORWALK,CA,,90650,America/Los_Angeles,ronald.freedman@emc.com,52213 AM CS District,,steve.wilson@emc.com,,ross.starkweather@emc.com,58000 CS Region,West CS Division,Americas CS Theater
CA Dept of State Hospitals (DSH-Patton),11089676,71549000,APM00141139214,APM00141139214,7/17/14 0:00,DD4200-CTL-B,DD4200-CTL PSNT,900-565-015,Data Domain,HARDWARE-PART,DATADOMAIN-HYDR,Data Domain,Install,,5.2.6.0,ASP,NOT CONFIGURED,NOT CONFIGURED,,2/16/16 16:08,30435743,SA-SALE,30435743BR,PREMIUM,ACTIVE,7/17/14 0:00,7/16/17 0:00,N,Unisys ASP Optional,NA,,,,,3102 E HIGHLAND AVE,,PATTON,CA,,92369,America/Los_Angeles,ronald.freedman@emc.com,52213 AM CS District,,david.farris@emc.com,,ross.starkweather@emc.com,58000 CS Region,West CS Division,Americas CS Theater
CA Dept of State Hospitals (DSH-Coalinga),5381740,71549000,APM00141700684,APM00141700684,8/21/14 0:00,VNX53D259010M,VNX5300 PSNT,900-567-002,VNX5300,HARDWARE-PART,UNIFIED-VNX,VNX/VNXe Family,Install,,05.32.000.5.218,ASP,CUSTOMER REFUSED,CUSTOMER REFUSED,,,30395980,SA-SALE,30395980H,PREMIUM,ACTIVE,5/23/14 0:00,6/21/17 0:00,N,Unisys ASP Optional,NA,,,,,24511 W JAYNE AVE,,COALINGA,CA,,93210,America/Los_Angeles,concepcion.salcido@emc.com,52519 AM CS District,,dennis.franklin@emc.com,,ross.starkweather@emc.com,57000 CS Region,West CS Division,Americas CS Theater
CA Dept of State Hospitals (DSH-Coalinga),5381740,71549000,05TJFA010005034,05TJFA010005034,5/23/14 0:00,RPS-V53,RecoverPoint and RPS RTU for VNX5300,100S-001829,RecoverPoint SE,SOFTWARE-PART,RECOVERPOINT-NA,RecoverPoint,Install,,,EMC,,,,,30395980,SA-SALE,30395980S,PREMIUM,ACTIVE,5/23/14 0:00,5/22/17 0:00,N,NA,NA,,,,,24511 W JAYNE AVE,,COALINGA,CA,,93210,America/Los_Angeles,concepcion.salcido@emc.com,52519 AM CS District,,dennis.franklin@emc.com,,ross.starkweather@emc.com,57000 CS Region,West CS Division,Americas CS Theater
CA Dept of State Hospitals (DSH-Coalinga),9599267,71549000,APM00103500950,APM00103500950,10/8/10 0:00,AVMRACKG3,INA REPLACED BY 100-580-610-01,100-580-610,Avamar,HARDWARE-PART,AVAMAR-NA,Avamar,Install - T&M,,5.0.4-30,EMC,NOT APPLICABLE,EMAIL HOME,1285028586A4BADB4047FE,,63819039,EV-EVAL-US,63848447H,PREMIUM,CANCELLED,9/23/12 0:00,9/22/16 0:00,N,NA,NA,,,,,24511 W JAYNE AVE,ADMINISTRATION BLDG,COALINGA,CA,,93210,America/Los_Angeles,concepcion.salcido@emc.com,52519 AM CS District,,,,ross.starkweather@emc.com,57000 CS Region,West CS Division,Americas CS Theater
CA Dept of State Hospitals (DSH-Coalinga),9599267,71549000,NNG05103510193,NNG05103510193,9/20/15 5:33,NA,AVAMAR ADS GEN3 3.3TB SRVR (36GB/SATA),100-580-603,Avamar,HARDWARE-PART,AVAMAR-NA,Avamar,Install,,,EMC,,,,,63819039,EV-EVAL-US,NA,NA,NA,1752-12-31 00:00:00,1752-12-31 00:00:00,N,NA,NA,,,,,24511 W JAYNE AVE,ADMINISTRATION BLDG,COALINGA,CA,,93210,America/Los_Angeles,concepcion.salcido@emc.com,52519 AM CS District,,,,ross.starkweather@emc.com,57000 CS Region,West CS Division,Americas CS Theater
CA Dept of State Hospitals (DSH-Coalinga),9599267,71549000,NNG05102810046,NNG05102810046,10/8/10 12:00,AVM1NUTILMG3,AVAMAR ADS GEN3 UTILITY/ACCEL SERVER,100-580-604,Avamar,HARDWARE-PART,AVAMAR-NA,Avamar,Install - T&M,,5.0.1.32,EMC,,,,,63819039,EV-EVAL-US,63848447H,ENSP,CANCELLED,9/23/13 0:00,9/22/16 0:00,N,NA,NA,,,,,24511 W JAYNE AVE,ADMINISTRATION BLDG,COALINGA,CA,,93210,America/Los_Angeles,concepcion.salcido@emc.com,52519 AM CS District,,,,ross.starkweather@emc.com,57000 CS Region,West CS Division,Americas CS Theater
CA Dept of State Hospitals (DSH-Coalinga),9599267,71549000,1284670116A4BAD33344EC,1284670116A4BAD33344EC,3/16/11 0:00,456-100-309,AVAMAR SOLUTION IDENTIFIER,900-580-003,Avamar,SOFTWARE-PART,AVAMAR-NA,Avamar,Install,,,EMC,WEBEX,EMAIL HOME,,,,,,,,,,N,NA,NA,,,,,24511 W JAYNE AVE,ADMINISTRATION BLDG,COALINGA,CA,,93210,America/Los_Angeles,concepcion.salcido@emc.com,52519 AM CS District,,,,ross.starkweather@emc.com,57000 CS Region,West CS Division,Americas CS Theater